{
    "accuracy": 0.6645783132530121,
    "precision": 0.7680672268907563,
    "recall": 0.45024630541871924,
    "auc": 0.7241416488521238
}